<?xml version="1.0"?>
<!DOCTYPE hibernate-mapping PUBLIC "-//Hibernate/Hibernate Mapping DTD 3.0//EN"
"http://www.hibernate.org/dtd/hibernate-mapping-3.0.dtd">
<!-- Generated 21/02/2018 18:05:36 by Hibernate Tools 4.0.1.Final -->
<hibernate-mapping>
    <class name="modeloH.Clients" table="clients" catalog="bdclinica">
        <id name="idClient" type="java.lang.Integer">
            <column name="idClient" />
            <generator class="identity" />
        </id>
        <property name="nom" type="string">
            <column name="nom" length="25" not-null="true" />
        </property>
        <property name="cognoms" type="string">
            <column name="cognoms" length="50" not-null="true" />
        </property>
        <property name="telefon" type="string">
            <column name="telefon" length="15" not-null="true" />
        </property>
        <property name="correu" type="string">
            <column name="correu" length="50" />
        </property>
        <set name="assistencieses" cascade="delete" table="assistencies" inverse="true" lazy="true" fetch="select">
            <key>
                <column name="client" not-null="true" />
            </key>
            <one-to-many class="modeloH.Assistencies" />
        </set>
    </class>
</hibernate-mapping>
