<?xml version="1.0" encoding="utf-8"?>
<!DOCTYPE hibernate-configuration PUBLIC
"-//Hibernate/Hibernate Configuration DTD 3.0//EN"
"http://www.hibernate.org/dtd/hibernate-configuration-3.0.dtd">
<hibernate-configuration>
    <session-factory>
    	<property name="hibernate.enable_lazy_load_no_trans">true</property>
        <property name="hibernate.bytecode.use_reflection_optimizer">false</property>
        <property name="hibernate.connection.driver_class">com.mysql.jdbc.Driver</property>
        <property name="hibernate.connection.password">root</property>
        <property name="hibernate.connection.url">jdbc:mysql://192.168.3.146/bdclinica</property>
        <property name="hibernate.connection.username">root</property>
        <property name="hibernate.dialect">org.hibernate.dialect.MySQLDialect</property>
        <property name="hibernate.search.autoregister_listeners">true</property>
        <property name="hibernate.validator.apply_to_ddl">false</property>
        <mapping resource="modeloH/Clients.hbm.xml" />
        <mapping resource="modeloH/Usuaris.hbm.xml" />
        <mapping resource="modeloH/Assistencies.hbm.xml" />
        <mapping resource="modeloH/Perfils.hbm.xml" />
        <mapping resource="modeloH/Serveis.hbm.xml" />
    </session-factory>
</hibernate-configuration>
